retriever,num_queries,doc_recall@1,doc_recall@3,doc_recall@5,doc_mrr,chunk_num_queries,chunk_recall@1,chunk_recall@3,chunk_recall@5,chunk_mrr
dense,58,0.1206896551724138,0.25862068965517243,0.3275862068965517,0.2040229885057471,0,,,,
hybrid,58,0.13793103448275862,0.20689655172413793,0.41379310344827586,0.217816091954023,0,,,,
