retriever,num_queries,doc_recall@1,doc_recall@3,doc_recall@5,doc_mrr,chunk_num_queries,chunk_recall@1,chunk_recall@3,chunk_recall@5,chunk_mrr
dense,58,0.10344827586206896,0.22413793103448276,0.29310344827586204,0.16954022988505746,0,,,,
hybrid,58,0.05172413793103448,0.1206896551724138,0.3275862068965517,0.1295977011494253,0,,,,
