retriever,num_queries,doc_recall@1,doc_recall@3,doc_recall@5,doc_mrr,chunk_num_queries,chunk_recall@1,chunk_recall@3,chunk_recall@5,chunk_mrr
dense,58,0.1206896551724138,0.25862068965517243,0.3275862068965517,0.2040229885057471,58,0.08620689655172414,0.1206896551724138,0.1724137931034483,0.11637931034482758
hybrid,58,0.1206896551724138,0.3103448275862069,0.5172413793103449,0.2474137931034483,58,0.08620689655172414,0.1896551724137931,0.3793103448275862,0.1778735632183908
